id,url,title,subtitle,publication,date
1,https://blog.coinbase.com/ethereum-classic-etc-is-currently-being-51-attacked-33be13ce32de,Ethereum Classic (ETC) is currently being 51% attacked,"On  1/5/2019, Coinbase detected a deep reorg of…",The Coinbase Blog,2019-01-25
2,https://blog.coinbase.com/the-keys-to-keeping-your-crypto-safe-96d497cce6cf,The keys to keeping your crypto safe,One of the primary benefits of cryptocurrencies is that they…,The Coinbase Blog,2019-01-25
3,https://blog.coinbase.com/supercharging-retrofit-with-kotlin-f01096ad8aa7,Supercharging Retrofit with Kotlin,,The Coinbase Blog,2019-01-25
4,https://blog.coinbase.com/what-we-accomplished-at-coinbase-in-q4-2018-b98082e72abc,"<strong class=""markup--strong markup--h3-strong"">What we accomplished at Coinbase in Q4 2018</strong>",,The Coinbase Blog,2019-01-25
5,https://blog.coinbase.com/blockchain-infrastructure-at-coinbase-366c09dbcef4,"<strong class=""markup--strong markup--h3-strong"">Blockchain Infrastructure at Coinbase</strong>",,The Coinbase Blog,2019-01-25
6,https://blog.coinbase.com/new-resources-for-crypto-taxes-b29651c3f5d4,"<strong class=""markup--strong markup--h3-strong"">New resources for crypto taxes</strong>",,The Coinbase Blog,2019-01-25
7,https://blog.coinbase.com/introducing-the-coinbase-affiliate-program-d3cfdf9de451,"<strong class=""markup--strong markup--h3-strong"">Introducing the Coinbase affiliate program</strong>",Get rewarded for sharing your love of crypto,The Coinbase Blog,2019-01-25
8,https://blog.coinbase.com/announcing-new-features-and-services-to-make-trading-easier-for-high-volume-customers-in-asia-and-57a30ad08e2f,"<strong class=""markup--strong markup--h3-strong"">Announcing new features and services to make trading easier for high-volume customers in Asia and Europe</strong>",,The Coinbase Blog,2019-01-25
9,https://blog.coinbase.com/coinbase-now-providing-trading-and-custody-services-to-high-volume-clients-across-asia-17097e1005eb,"<strong class=""markup--strong markup--h3-strong"">Coinbase now providing trading and custody services to high-volume clients across Asia</strong>",,The Coinbase Blog,2019-01-25
10,https://blog.coinbase.com/ethereum-classic-etc-is-currently-being-51-attacked-33be13ce32de,Ethereum Classic (ETC) is currently being 51% attacked,"On  1/5/2019, Coinbase detected a deep reorg of…",The Coinbase Blog,2019-01-26
11,https://blog.coinbase.com/the-keys-to-keeping-your-crypto-safe-96d497cce6cf,The keys to keeping your crypto safe,One of the primary benefits of cryptocurrencies is that they…,The Coinbase Blog,2019-01-26
12,https://blog.coinbase.com/supercharging-retrofit-with-kotlin-f01096ad8aa7,Supercharging Retrofit with Kotlin,,The Coinbase Blog,2019-01-26
13,https://blog.coinbase.com/what-we-accomplished-at-coinbase-in-q4-2018-b98082e72abc,"<strong class=""markup--strong markup--h3-strong"">What we accomplished at Coinbase in Q4 2018</strong>",,The Coinbase Blog,2019-01-26
14,https://blog.coinbase.com/blockchain-infrastructure-at-coinbase-366c09dbcef4,"<strong class=""markup--strong markup--h3-strong"">Blockchain Infrastructure at Coinbase</strong>",,The Coinbase Blog,2019-01-26
15,https://blog.coinbase.com/new-resources-for-crypto-taxes-b29651c3f5d4,"<strong class=""markup--strong markup--h3-strong"">New resources for crypto taxes</strong>",,The Coinbase Blog,2019-01-26
16,https://blog.coinbase.com/introducing-the-coinbase-affiliate-program-d3cfdf9de451,"<strong class=""markup--strong markup--h3-strong"">Introducing the Coinbase affiliate program</strong>",Get rewarded for sharing your love of crypto,The Coinbase Blog,2019-01-26
17,https://blog.coinbase.com/announcing-new-features-and-services-to-make-trading-easier-for-high-volume-customers-in-asia-and-57a30ad08e2f,"<strong class=""markup--strong markup--h3-strong"">Announcing new features and services to make trading easier for high-volume customers in Asia and Europe</strong>",,The Coinbase Blog,2019-01-26
18,https://blog.coinbase.com/coinbase-now-providing-trading-and-custody-services-to-high-volume-clients-across-asia-17097e1005eb,"<strong class=""markup--strong markup--h3-strong"">Coinbase now providing trading and custody services to high-volume clients across Asia</strong>",,The Coinbase Blog,2019-01-26
19,https://blog.coinbase.com/ethereum-classic-etc-is-currently-being-51-attacked-33be13ce32de,Ethereum Classic (ETC) is currently being 51% attacked,"On  1/5/2019, Coinbase detected a deep reorg of…",The Coinbase Blog,2019-01-27
20,https://blog.coinbase.com/the-keys-to-keeping-your-crypto-safe-96d497cce6cf,The keys to keeping your crypto safe,One of the primary benefits of cryptocurrencies is that they…,The Coinbase Blog,2019-01-27
21,https://blog.coinbase.com/supercharging-retrofit-with-kotlin-f01096ad8aa7,Supercharging Retrofit with Kotlin,,The Coinbase Blog,2019-01-27
22,https://blog.coinbase.com/what-we-accomplished-at-coinbase-in-q4-2018-b98082e72abc,"<strong class=""markup--strong markup--h3-strong"">What we accomplished at Coinbase in Q4 2018</strong>",,The Coinbase Blog,2019-01-27
23,https://blog.coinbase.com/blockchain-infrastructure-at-coinbase-366c09dbcef4,"<strong class=""markup--strong markup--h3-strong"">Blockchain Infrastructure at Coinbase</strong>",,The Coinbase Blog,2019-01-27
24,https://blog.coinbase.com/new-resources-for-crypto-taxes-b29651c3f5d4,"<strong class=""markup--strong markup--h3-strong"">New resources for crypto taxes</strong>",,The Coinbase Blog,2019-01-27
25,https://blog.coinbase.com/introducing-the-coinbase-affiliate-program-d3cfdf9de451,"<strong class=""markup--strong markup--h3-strong"">Introducing the Coinbase affiliate program</strong>",Get rewarded for sharing your love of crypto,The Coinbase Blog,2019-01-27
26,https://blog.coinbase.com/announcing-new-features-and-services-to-make-trading-easier-for-high-volume-customers-in-asia-and-57a30ad08e2f,"<strong class=""markup--strong markup--h3-strong"">Announcing new features and services to make trading easier for high-volume customers in Asia and Europe</strong>",,The Coinbase Blog,2019-01-27
27,https://blog.coinbase.com/coinbase-now-providing-trading-and-custody-services-to-high-volume-clients-across-asia-17097e1005eb,"<strong class=""markup--strong markup--h3-strong"">Coinbase now providing trading and custody services to high-volume clients across Asia</strong>",,The Coinbase Blog,2019-01-27
28,https://blog.coinbase.com/ethereum-classic-etc-is-currently-being-51-attacked-33be13ce32de,Ethereum Classic (ETC) is currently being 51% attacked,"On  1/5/2019, Coinbase detected a deep reorg of…",The Coinbase Blog,2019-01-28
29,https://blog.coinbase.com/the-keys-to-keeping-your-crypto-safe-96d497cce6cf,The keys to keeping your crypto safe,One of the primary benefits of cryptocurrencies is that they…,The Coinbase Blog,2019-01-28
30,https://blog.coinbase.com/supercharging-retrofit-with-kotlin-f01096ad8aa7,Supercharging Retrofit with Kotlin,,The Coinbase Blog,2019-01-28
31,https://blog.coinbase.com/what-we-accomplished-at-coinbase-in-q4-2018-b98082e72abc,"<strong class=""markup--strong markup--h3-strong"">What we accomplished at Coinbase in Q4 2018</strong>",,The Coinbase Blog,2019-01-28
32,https://blog.coinbase.com/blockchain-infrastructure-at-coinbase-366c09dbcef4,"<strong class=""markup--strong markup--h3-strong"">Blockchain Infrastructure at Coinbase</strong>",,The Coinbase Blog,2019-01-28
33,https://blog.coinbase.com/new-resources-for-crypto-taxes-b29651c3f5d4,"<strong class=""markup--strong markup--h3-strong"">New resources for crypto taxes</strong>",,The Coinbase Blog,2019-01-28
34,https://blog.coinbase.com/introducing-the-coinbase-affiliate-program-d3cfdf9de451,"<strong class=""markup--strong markup--h3-strong"">Introducing the Coinbase affiliate program</strong>",Get rewarded for sharing your love of crypto,The Coinbase Blog,2019-01-28
35,https://blog.coinbase.com/announcing-new-features-and-services-to-make-trading-easier-for-high-volume-customers-in-asia-and-57a30ad08e2f,"<strong class=""markup--strong markup--h3-strong"">Announcing new features and services to make trading easier for high-volume customers in Asia and Europe</strong>",,The Coinbase Blog,2019-01-28
36,https://blog.coinbase.com/coinbase-now-providing-trading-and-custody-services-to-high-volume-clients-across-asia-17097e1005eb,"<strong class=""markup--strong markup--h3-strong"">Coinbase now providing trading and custody services to high-volume clients across Asia</strong>",,The Coinbase Blog,2019-01-28
37,https://blog.coinbase.com/ethereum-classic-etc-is-currently-being-51-attacked-33be13ce32de,Ethereum Classic (ETC) is currently being 51% attacked,"On  1/5/2019, Coinbase detected a deep reorg of…",The Coinbase Blog,2019-01-29
38,https://blog.coinbase.com/the-keys-to-keeping-your-crypto-safe-96d497cce6cf,The keys to keeping your crypto safe,One of the primary benefits of cryptocurrencies is that they…,The Coinbase Blog,2019-01-29
39,https://blog.coinbase.com/supercharging-retrofit-with-kotlin-f01096ad8aa7,Supercharging Retrofit with Kotlin,,The Coinbase Blog,2019-01-29
40,https://blog.coinbase.com/what-we-accomplished-at-coinbase-in-q4-2018-b98082e72abc,"<strong class=""markup--strong markup--h3-strong"">What we accomplished at Coinbase in Q4 2018</strong>",,The Coinbase Blog,2019-01-29
41,https://blog.coinbase.com/blockchain-infrastructure-at-coinbase-366c09dbcef4,"<strong class=""markup--strong markup--h3-strong"">Blockchain Infrastructure at Coinbase</strong>",,The Coinbase Blog,2019-01-29
42,https://blog.coinbase.com/new-resources-for-crypto-taxes-b29651c3f5d4,"<strong class=""markup--strong markup--h3-strong"">New resources for crypto taxes</strong>",,The Coinbase Blog,2019-01-29
43,https://blog.coinbase.com/introducing-the-coinbase-affiliate-program-d3cfdf9de451,"<strong class=""markup--strong markup--h3-strong"">Introducing the Coinbase affiliate program</strong>",Get rewarded for sharing your love of crypto,The Coinbase Blog,2019-01-29
44,https://blog.coinbase.com/announcing-new-features-and-services-to-make-trading-easier-for-high-volume-customers-in-asia-and-57a30ad08e2f,"<strong class=""markup--strong markup--h3-strong"">Announcing new features and services to make trading easier for high-volume customers in Asia and Europe</strong>",,The Coinbase Blog,2019-01-29
45,https://blog.coinbase.com/coinbase-now-providing-trading-and-custody-services-to-high-volume-clients-across-asia-17097e1005eb,"<strong class=""markup--strong markup--h3-strong"">Coinbase now providing trading and custody services to high-volume clients across Asia</strong>",,The Coinbase Blog,2019-01-29
46,https://blog.coinbase.com/ethereum-classic-etc-is-currently-being-51-attacked-33be13ce32de,Ethereum Classic (ETC) is currently being 51% attacked,"On  1/5/2019, Coinbase detected a deep reorg of…",The Coinbase Blog,2019-01-30
47,https://blog.coinbase.com/the-keys-to-keeping-your-crypto-safe-96d497cce6cf,The keys to keeping your crypto safe,One of the primary benefits of cryptocurrencies is that they…,The Coinbase Blog,2019-01-30
48,https://blog.coinbase.com/supercharging-retrofit-with-kotlin-f01096ad8aa7,Supercharging Retrofit with Kotlin,,The Coinbase Blog,2019-01-30
49,https://blog.coinbase.com/what-we-accomplished-at-coinbase-in-q4-2018-b98082e72abc,"<strong class=""markup--strong markup--h3-strong"">What we accomplished at Coinbase in Q4 2018</strong>",,The Coinbase Blog,2019-01-30
50,https://blog.coinbase.com/blockchain-infrastructure-at-coinbase-366c09dbcef4,"<strong class=""markup--strong markup--h3-strong"">Blockchain Infrastructure at Coinbase</strong>",,The Coinbase Blog,2019-01-30
51,https://blog.coinbase.com/new-resources-for-crypto-taxes-b29651c3f5d4,"<strong class=""markup--strong markup--h3-strong"">New resources for crypto taxes</strong>",,The Coinbase Blog,2019-01-30
52,https://blog.coinbase.com/introducing-the-coinbase-affiliate-program-d3cfdf9de451,"<strong class=""markup--strong markup--h3-strong"">Introducing the Coinbase affiliate program</strong>",Get rewarded for sharing your love of crypto,The Coinbase Blog,2019-01-30
53,https://blog.coinbase.com/announcing-new-features-and-services-to-make-trading-easier-for-high-volume-customers-in-asia-and-57a30ad08e2f,"<strong class=""markup--strong markup--h3-strong"">Announcing new features and services to make trading easier for high-volume customers in Asia and Europe</strong>",,The Coinbase Blog,2019-01-30
54,https://blog.coinbase.com/coinbase-now-providing-trading-and-custody-services-to-high-volume-clients-across-asia-17097e1005eb,"<strong class=""markup--strong markup--h3-strong"">Coinbase now providing trading and custody services to high-volume clients across Asia</strong>",,The Coinbase Blog,2019-01-30
55,https://blog.coinbase.com/ethereum-classic-etc-is-currently-being-51-attacked-33be13ce32de,Ethereum Classic (ETC) is currently being 51% attacked,"On  1/5/2019, Coinbase detected a deep reorg of…",The Coinbase Blog,2019-01-31
56,https://blog.coinbase.com/the-keys-to-keeping-your-crypto-safe-96d497cce6cf,The keys to keeping your crypto safe,One of the primary benefits of cryptocurrencies is that they…,The Coinbase Blog,2019-01-31
57,https://blog.coinbase.com/supercharging-retrofit-with-kotlin-f01096ad8aa7,Supercharging Retrofit with Kotlin,,The Coinbase Blog,2019-01-31
58,https://blog.coinbase.com/what-we-accomplished-at-coinbase-in-q4-2018-b98082e72abc,"<strong class=""markup--strong markup--h3-strong"">What we accomplished at Coinbase in Q4 2018</strong>",,The Coinbase Blog,2019-01-31
59,https://blog.coinbase.com/blockchain-infrastructure-at-coinbase-366c09dbcef4,"<strong class=""markup--strong markup--h3-strong"">Blockchain Infrastructure at Coinbase</strong>",,The Coinbase Blog,2019-01-31
60,https://blog.coinbase.com/new-resources-for-crypto-taxes-b29651c3f5d4,"<strong class=""markup--strong markup--h3-strong"">New resources for crypto taxes</strong>",,The Coinbase Blog,2019-01-31
61,https://blog.coinbase.com/introducing-the-coinbase-affiliate-program-d3cfdf9de451,"<strong class=""markup--strong markup--h3-strong"">Introducing the Coinbase affiliate program</strong>",Get rewarded for sharing your love of crypto,The Coinbase Blog,2019-01-31
62,https://blog.coinbase.com/announcing-new-features-and-services-to-make-trading-easier-for-high-volume-customers-in-asia-and-57a30ad08e2f,"<strong class=""markup--strong markup--h3-strong"">Announcing new features and services to make trading easier for high-volume customers in Asia and Europe</strong>",,The Coinbase Blog,2019-01-31
63,https://blog.coinbase.com/coinbase-now-providing-trading-and-custody-services-to-high-volume-clients-across-asia-17097e1005eb,"<strong class=""markup--strong markup--h3-strong"">Coinbase now providing trading and custody services to high-volume clients across Asia</strong>",,The Coinbase Blog,2019-01-31
64,https://blog.coinbase.com/xrp-will-soon-be-available-to-trade-on-coinbase-pro-b14478db7b33,XRP will soon be available to trade on Coinbase Pro,Support for XRP will initially be available for…,The Coinbase Blog,2019-02-01
65,https://blog.coinbase.com/backup-your-private-keys-on-google-drive-and-icloud-with-coinbase-wallet-3c3f3fdc86dc,Backup your private keys on Google Drive and iCloud with Coinbase Wallet,"Starting today, you can now…",The Coinbase Blog,2019-02-01
66,https://blog.coinbase.com/earn-bat-while-trying-out-the-blockchain-friendly-brave-browser-ee8409d192bd,"<strong class=""markup--strong markup--h3-strong"">Earn BAT while trying out the blockchain-friendly Brave browser</strong>",,The Coinbase Blog,2019-02-01
67,https://blog.coinbase.com/xrp-is-now-available-on-coinbase-d884e33fa8b7,XRP is now available on Coinbase,,The Coinbase Blog,2019-02-01
68,https://blog.coinbase.com/logs-metrics-and-the-evolution-of-observability-at-coinbase-13196b15edb7,"Logs, metrics, and the evolution of observability at Coinbase",,The Coinbase Blog,2019-02-01
69,https://blog.coinbase.com/electrohunt-part-1-hunting-for-the-phishing-campaigns-on-the-electrum-network-b10529162e63,Electrohunt Part 1: Hunting for the phishing campaigns on the Electrum network,,The Coinbase Blog,2019-02-01
70,https://blog.coinbase.com/announcing-litecoin-ltc-support-on-coinbase-wallet-87f69f9bf7c0,Announcing Litecoin (LTC) Support on Coinbase Wallet,,The Coinbase Blog,2019-02-01
71,https://blog.coinbase.com/announcing-bitcoin-btc-support-on-coinbase-wallet-e57aeadc7380,Announcing Bitcoin (BTC) Support on Coinbase Wallet,,The Coinbase Blog,2019-02-01
72,https://blog.coinbase.com/welcoming-neutrino-to-coinbase-b3f56171850d,"<strong class=""markup--strong markup--h3-strong"">Welcoming Neutrino to Coinbase</strong>",,The Coinbase Blog,2019-02-01
73,https://blog.coinbase.com/earn-zcash-while-learning-about-blockchain-privacy-1fc9ecbf533,"<strong class=""markup--strong markup--h3-strong"">Earn Zcash while learning about blockchain privacy</strong>",,The Coinbase Blog,2019-02-01
74,https://blog.coinbase.com/xrp-will-soon-be-available-to-trade-on-coinbase-pro-b14478db7b33,XRP will soon be available to trade on Coinbase Pro,Support for XRP will initially be available for…,The Coinbase Blog,2019-02-02
75,https://blog.coinbase.com/backup-your-private-keys-on-google-drive-and-icloud-with-coinbase-wallet-3c3f3fdc86dc,Backup your private keys on Google Drive and iCloud with Coinbase Wallet,"Starting today, you can now…",The Coinbase Blog,2019-02-02
76,https://blog.coinbase.com/earn-bat-while-trying-out-the-blockchain-friendly-brave-browser-ee8409d192bd,"<strong class=""markup--strong markup--h3-strong"">Earn BAT while trying out the blockchain-friendly Brave browser</strong>",,The Coinbase Blog,2019-02-02
77,https://blog.coinbase.com/xrp-is-now-available-on-coinbase-d884e33fa8b7,XRP is now available on Coinbase,,The Coinbase Blog,2019-02-02
78,https://blog.coinbase.com/logs-metrics-and-the-evolution-of-observability-at-coinbase-13196b15edb7,"Logs, metrics, and the evolution of observability at Coinbase",,The Coinbase Blog,2019-02-02
79,https://blog.coinbase.com/electrohunt-part-1-hunting-for-the-phishing-campaigns-on-the-electrum-network-b10529162e63,Electrohunt Part 1: Hunting for the phishing campaigns on the Electrum network,,The Coinbase Blog,2019-02-02
80,https://blog.coinbase.com/announcing-litecoin-ltc-support-on-coinbase-wallet-87f69f9bf7c0,Announcing Litecoin (LTC) Support on Coinbase Wallet,,The Coinbase Blog,2019-02-02
81,https://blog.coinbase.com/announcing-bitcoin-btc-support-on-coinbase-wallet-e57aeadc7380,Announcing Bitcoin (BTC) Support on Coinbase Wallet,,The Coinbase Blog,2019-02-02
82,https://blog.coinbase.com/welcoming-neutrino-to-coinbase-b3f56171850d,"<strong class=""markup--strong markup--h3-strong"">Welcoming Neutrino to Coinbase</strong>",,The Coinbase Blog,2019-02-02
83,https://blog.coinbase.com/earn-zcash-while-learning-about-blockchain-privacy-1fc9ecbf533,"<strong class=""markup--strong markup--h3-strong"">Earn Zcash while learning about blockchain privacy</strong>",,The Coinbase Blog,2019-02-02
84,https://blog.coinbase.com/xrp-will-soon-be-available-to-trade-on-coinbase-pro-b14478db7b33,XRP will soon be available to trade on Coinbase Pro,Support for XRP will initially be available for…,The Coinbase Blog,2019-02-03
85,https://blog.coinbase.com/backup-your-private-keys-on-google-drive-and-icloud-with-coinbase-wallet-3c3f3fdc86dc,Backup your private keys on Google Drive and iCloud with Coinbase Wallet,"Starting today, you can now…",The Coinbase Blog,2019-02-03
86,https://blog.coinbase.com/earn-bat-while-trying-out-the-blockchain-friendly-brave-browser-ee8409d192bd,"<strong class=""markup--strong markup--h3-strong"">Earn BAT while trying out the blockchain-friendly Brave browser</strong>",,The Coinbase Blog,2019-02-03
87,https://blog.coinbase.com/xrp-is-now-available-on-coinbase-d884e33fa8b7,XRP is now available on Coinbase,,The Coinbase Blog,2019-02-03
88,https://blog.coinbase.com/logs-metrics-and-the-evolution-of-observability-at-coinbase-13196b15edb7,"Logs, metrics, and the evolution of observability at Coinbase",,The Coinbase Blog,2019-02-03
89,https://blog.coinbase.com/electrohunt-part-1-hunting-for-the-phishing-campaigns-on-the-electrum-network-b10529162e63,Electrohunt Part 1: Hunting for the phishing campaigns on the Electrum network,,The Coinbase Blog,2019-02-03
90,https://blog.coinbase.com/announcing-litecoin-ltc-support-on-coinbase-wallet-87f69f9bf7c0,Announcing Litecoin (LTC) Support on Coinbase Wallet,,The Coinbase Blog,2019-02-03
91,https://blog.coinbase.com/announcing-bitcoin-btc-support-on-coinbase-wallet-e57aeadc7380,Announcing Bitcoin (BTC) Support on Coinbase Wallet,,The Coinbase Blog,2019-02-03
92,https://blog.coinbase.com/welcoming-neutrino-to-coinbase-b3f56171850d,"<strong class=""markup--strong markup--h3-strong"">Welcoming Neutrino to Coinbase</strong>",,The Coinbase Blog,2019-02-03
93,https://blog.coinbase.com/earn-zcash-while-learning-about-blockchain-privacy-1fc9ecbf533,"<strong class=""markup--strong markup--h3-strong"">Earn Zcash while learning about blockchain privacy</strong>",,The Coinbase Blog,2019-02-03
94,https://blog.coinbase.com/xrp-will-soon-be-available-to-trade-on-coinbase-pro-b14478db7b33,XRP will soon be available to trade on Coinbase Pro,Support for XRP will initially be available for…,The Coinbase Blog,2019-02-04
95,https://blog.coinbase.com/backup-your-private-keys-on-google-drive-and-icloud-with-coinbase-wallet-3c3f3fdc86dc,Backup your private keys on Google Drive and iCloud with Coinbase Wallet,"Starting today, you can now…",The Coinbase Blog,2019-02-04
96,https://blog.coinbase.com/earn-bat-while-trying-out-the-blockchain-friendly-brave-browser-ee8409d192bd,"<strong class=""markup--strong markup--h3-strong"">Earn BAT while trying out the blockchain-friendly Brave browser</strong>",,The Coinbase Blog,2019-02-04
97,https://blog.coinbase.com/xrp-is-now-available-on-coinbase-d884e33fa8b7,XRP is now available on Coinbase,,The Coinbase Blog,2019-02-04
98,https://blog.coinbase.com/logs-metrics-and-the-evolution-of-observability-at-coinbase-13196b15edb7,"Logs, metrics, and the evolution of observability at Coinbase",,The Coinbase Blog,2019-02-04
99,https://blog.coinbase.com/electrohunt-part-1-hunting-for-the-phishing-campaigns-on-the-electrum-network-b10529162e63,Electrohunt Part 1: Hunting for the phishing campaigns on the Electrum network,,The Coinbase Blog,2019-02-04
100,https://blog.coinbase.com/announcing-litecoin-ltc-support-on-coinbase-wallet-87f69f9bf7c0,Announcing Litecoin (LTC) Support on Coinbase Wallet,,The Coinbase Blog,2019-02-04
101,https://blog.coinbase.com/announcing-bitcoin-btc-support-on-coinbase-wallet-e57aeadc7380,Announcing Bitcoin (BTC) Support on Coinbase Wallet,,The Coinbase Blog,2019-02-04
102,https://blog.coinbase.com/welcoming-neutrino-to-coinbase-b3f56171850d,"<strong class=""markup--strong markup--h3-strong"">Welcoming Neutrino to Coinbase</strong>",,The Coinbase Blog,2019-02-04
103,https://blog.coinbase.com/earn-zcash-while-learning-about-blockchain-privacy-1fc9ecbf533,"<strong class=""markup--strong markup--h3-strong"">Earn Zcash while learning about blockchain privacy</strong>",,The Coinbase Blog,2019-02-04
104,https://blog.coinbase.com/announcing-bitcoin-btc-support-on-coinbase-wallet-e57aeadc7380,Announcing Bitcoin (BTC) Support on Coinbase Wallet,,The Coinbase Blog,2019-02-05
105,https://blog.coinbase.com/eu-and-european-free-trade-association-customers-can-now-withdraw-to-their-paypal-accounts-d80767e13977,EU and European Free Trade Association customers can now withdraw to their PayPal accounts,,The Coinbase Blog,2019-02-05
106,https://blog.coinbase.com/earn-bat-while-trying-out-the-blockchain-friendly-brave-browser-ee8409d192bd,"<strong class=""markup--strong markup--h3-strong"">Earn BAT while trying out the blockchain-friendly Brave browser</strong>",,The Coinbase Blog,2019-02-06
107,https://blog.coinbase.com/xrp-will-soon-be-available-to-trade-on-coinbase-pro-b14478db7b33,XRP will soon be available to trade on Coinbase Pro,Support for XRP will initially be available for…,The Coinbase Blog,2019-02-07
108,https://blog.coinbase.com/backup-your-private-keys-on-google-drive-and-icloud-with-coinbase-wallet-3c3f3fdc86dc,Backup your private keys on Google Drive and iCloud with Coinbase Wallet,"Starting today, you can now…",The Coinbase Blog,2019-02-07
109,https://blog.coinbase.com/earn-bat-while-trying-out-the-blockchain-friendly-brave-browser-ee8409d192bd,"<strong class=""markup--strong markup--h3-strong"">Earn BAT while trying out the blockchain-friendly Brave browser</strong>",,The Coinbase Blog,2019-02-07
110,https://blog.coinbase.com/xrp-is-now-available-on-coinbase-d884e33fa8b7,XRP is now available on Coinbase,,The Coinbase Blog,2019-02-07
111,https://blog.coinbase.com/logs-metrics-and-the-evolution-of-observability-at-coinbase-13196b15edb7,"Logs, metrics, and the evolution of observability at Coinbase",,The Coinbase Blog,2019-02-07
112,https://blog.coinbase.com/electrohunt-part-1-hunting-for-the-phishing-campaigns-on-the-electrum-network-b10529162e63,Electrohunt Part 1: Hunting for the phishing campaigns on the Electrum network,,The Coinbase Blog,2019-02-07
113,https://blog.coinbase.com/announcing-litecoin-ltc-support-on-coinbase-wallet-87f69f9bf7c0,Announcing Litecoin (LTC) Support on Coinbase Wallet,,The Coinbase Blog,2019-02-07
114,https://blog.coinbase.com/announcing-bitcoin-btc-support-on-coinbase-wallet-e57aeadc7380,Announcing Bitcoin (BTC) Support on Coinbase Wallet,,The Coinbase Blog,2019-02-07
115,https://blog.coinbase.com/welcoming-neutrino-to-coinbase-b3f56171850d,"<strong class=""markup--strong markup--h3-strong"">Welcoming Neutrino to Coinbase</strong>",,The Coinbase Blog,2019-02-07
116,https://blog.coinbase.com/earn-zcash-while-learning-about-blockchain-privacy-1fc9ecbf533,"<strong class=""markup--strong markup--h3-strong"">Earn Zcash while learning about blockchain privacy</strong>",,The Coinbase Blog,2019-02-07
117,https://blog.coinbase.com/xrp-will-soon-be-available-to-trade-on-coinbase-pro-b14478db7b33,XRP will soon be available to trade on Coinbase Pro,Support for XRP will initially be available for…,The Coinbase Blog,2019-02-08
118,https://blog.coinbase.com/backup-your-private-keys-on-google-drive-and-icloud-with-coinbase-wallet-3c3f3fdc86dc,Backup your private keys on Google Drive and iCloud with Coinbase Wallet,"Starting today, you can now…",The Coinbase Blog,2019-02-08
119,https://blog.coinbase.com/earn-bat-while-trying-out-the-blockchain-friendly-brave-browser-ee8409d192bd,"<strong class=""markup--strong markup--h3-strong"">Earn BAT while trying out the blockchain-friendly Brave browser</strong>",,The Coinbase Blog,2019-02-08
120,https://blog.coinbase.com/xrp-is-now-available-on-coinbase-d884e33fa8b7,XRP is now available on Coinbase,,The Coinbase Blog,2019-02-08
121,https://blog.coinbase.com/logs-metrics-and-the-evolution-of-observability-at-coinbase-13196b15edb7,"Logs, metrics, and the evolution of observability at Coinbase",,The Coinbase Blog,2019-02-08
122,https://blog.coinbase.com/electrohunt-part-1-hunting-for-the-phishing-campaigns-on-the-electrum-network-b10529162e63,Electrohunt Part 1: Hunting for the phishing campaigns on the Electrum network,,The Coinbase Blog,2019-02-08
123,https://blog.coinbase.com/announcing-litecoin-ltc-support-on-coinbase-wallet-87f69f9bf7c0,Announcing Litecoin (LTC) Support on Coinbase Wallet,,The Coinbase Blog,2019-02-08
124,https://blog.coinbase.com/announcing-bitcoin-btc-support-on-coinbase-wallet-e57aeadc7380,Announcing Bitcoin (BTC) Support on Coinbase Wallet,,The Coinbase Blog,2019-02-08
125,https://blog.coinbase.com/welcoming-neutrino-to-coinbase-b3f56171850d,"<strong class=""markup--strong markup--h3-strong"">Welcoming Neutrino to Coinbase</strong>",,The Coinbase Blog,2019-02-08
126,https://blog.coinbase.com/earn-zcash-while-learning-about-blockchain-privacy-1fc9ecbf533,"<strong class=""markup--strong markup--h3-strong"">Earn Zcash while learning about blockchain privacy</strong>",,The Coinbase Blog,2019-02-08
127,https://blog.coinbase.com/xrp-will-soon-be-available-to-trade-on-coinbase-pro-b14478db7b33,XRP will soon be available to trade on Coinbase Pro,Support for XRP will initially be available for…,The Coinbase Blog,2019-02-09
128,https://blog.coinbase.com/backup-your-private-keys-on-google-drive-and-icloud-with-coinbase-wallet-3c3f3fdc86dc,Backup your private keys on Google Drive and iCloud with Coinbase Wallet,"Starting today, you can now…",The Coinbase Blog,2019-02-09
129,https://blog.coinbase.com/earn-bat-while-trying-out-the-blockchain-friendly-brave-browser-ee8409d192bd,"<strong class=""markup--strong markup--h3-strong"">Earn BAT while trying out the blockchain-friendly Brave browser</strong>",,The Coinbase Blog,2019-02-09
130,https://blog.coinbase.com/xrp-is-now-available-on-coinbase-d884e33fa8b7,XRP is now available on Coinbase,,The Coinbase Blog,2019-02-09
131,https://blog.coinbase.com/logs-metrics-and-the-evolution-of-observability-at-coinbase-13196b15edb7,"Logs, metrics, and the evolution of observability at Coinbase",,The Coinbase Blog,2019-02-09
132,https://blog.coinbase.com/electrohunt-part-1-hunting-for-the-phishing-campaigns-on-the-electrum-network-b10529162e63,Electrohunt Part 1: Hunting for the phishing campaigns on the Electrum network,,The Coinbase Blog,2019-02-09
133,https://blog.coinbase.com/announcing-litecoin-ltc-support-on-coinbase-wallet-87f69f9bf7c0,Announcing Litecoin (LTC) Support on Coinbase Wallet,,The Coinbase Blog,2019-02-09
134,https://blog.coinbase.com/announcing-bitcoin-btc-support-on-coinbase-wallet-e57aeadc7380,Announcing Bitcoin (BTC) Support on Coinbase Wallet,,The Coinbase Blog,2019-02-09
135,https://blog.coinbase.com/welcoming-neutrino-to-coinbase-b3f56171850d,"<strong class=""markup--strong markup--h3-strong"">Welcoming Neutrino to Coinbase</strong>",,The Coinbase Blog,2019-02-09
136,https://blog.coinbase.com/earn-zcash-while-learning-about-blockchain-privacy-1fc9ecbf533,"<strong class=""markup--strong markup--h3-strong"">Earn Zcash while learning about blockchain privacy</strong>",,The Coinbase Blog,2019-02-09
137,https://blog.coinbase.com/xrp-will-soon-be-available-to-trade-on-coinbase-pro-b14478db7b33,XRP will soon be available to trade on Coinbase Pro,Support for XRP will initially be available for…,The Coinbase Blog,2019-02-10
138,https://blog.coinbase.com/backup-your-private-keys-on-google-drive-and-icloud-with-coinbase-wallet-3c3f3fdc86dc,Backup your private keys on Google Drive and iCloud with Coinbase Wallet,"Starting today, you can now…",The Coinbase Blog,2019-02-10
139,https://blog.coinbase.com/earn-bat-while-trying-out-the-blockchain-friendly-brave-browser-ee8409d192bd,"<strong class=""markup--strong markup--h3-strong"">Earn BAT while trying out the blockchain-friendly Brave browser</strong>",,The Coinbase Blog,2019-02-10
140,https://blog.coinbase.com/xrp-is-now-available-on-coinbase-d884e33fa8b7,XRP is now available on Coinbase,,The Coinbase Blog,2019-02-10
141,https://blog.coinbase.com/logs-metrics-and-the-evolution-of-observability-at-coinbase-13196b15edb7,"Logs, metrics, and the evolution of observability at Coinbase",,The Coinbase Blog,2019-02-10
142,https://blog.coinbase.com/electrohunt-part-1-hunting-for-the-phishing-campaigns-on-the-electrum-network-b10529162e63,Electrohunt Part 1: Hunting for the phishing campaigns on the Electrum network,,The Coinbase Blog,2019-02-10
143,https://blog.coinbase.com/announcing-litecoin-ltc-support-on-coinbase-wallet-87f69f9bf7c0,Announcing Litecoin (LTC) Support on Coinbase Wallet,,The Coinbase Blog,2019-02-10
144,https://blog.coinbase.com/announcing-bitcoin-btc-support-on-coinbase-wallet-e57aeadc7380,Announcing Bitcoin (BTC) Support on Coinbase Wallet,,The Coinbase Blog,2019-02-10
145,https://blog.coinbase.com/welcoming-neutrino-to-coinbase-b3f56171850d,"<strong class=""markup--strong markup--h3-strong"">Welcoming Neutrino to Coinbase</strong>",,The Coinbase Blog,2019-02-10
146,https://blog.coinbase.com/earn-zcash-while-learning-about-blockchain-privacy-1fc9ecbf533,"<strong class=""markup--strong markup--h3-strong"">Earn Zcash while learning about blockchain privacy</strong>",,The Coinbase Blog,2019-02-10
147,https://blog.coinbase.com/logs-metrics-and-the-evolution-of-observability-at-coinbase-13196b15edb7,"Logs, metrics, and the evolution of observability at Coinbase",,The Coinbase Blog,2019-02-11
148,https://blog.coinbase.com/backup-your-private-keys-on-google-drive-and-icloud-with-coinbase-wallet-3c3f3fdc86dc,Backup your private keys on Google Drive and iCloud with Coinbase Wallet,"Starting today, you can now…",The Coinbase Blog,2019-02-12
149,https://blog.coinbase.com/xrp-will-soon-be-available-to-trade-on-coinbase-pro-b14478db7b33,XRP will soon be available to trade on Coinbase Pro,Support for XRP will initially be available for…,The Coinbase Blog,2019-02-13
150,https://blog.coinbase.com/backup-your-private-keys-on-google-drive-and-icloud-with-coinbase-wallet-3c3f3fdc86dc,Backup your private keys on Google Drive and iCloud with Coinbase Wallet,"Starting today, you can now…",The Coinbase Blog,2019-02-13
151,https://blog.coinbase.com/earn-bat-while-trying-out-the-blockchain-friendly-brave-browser-ee8409d192bd,"<strong class=""markup--strong markup--h3-strong"">Earn BAT while trying out the blockchain-friendly Brave browser</strong>",,The Coinbase Blog,2019-02-13
152,https://blog.coinbase.com/xrp-is-now-available-on-coinbase-d884e33fa8b7,XRP is now available on Coinbase,,The Coinbase Blog,2019-02-13
153,https://blog.coinbase.com/logs-metrics-and-the-evolution-of-observability-at-coinbase-13196b15edb7,"Logs, metrics, and the evolution of observability at Coinbase",,The Coinbase Blog,2019-02-13
154,https://blog.coinbase.com/electrohunt-part-1-hunting-for-the-phishing-campaigns-on-the-electrum-network-b10529162e63,Electrohunt Part 1: Hunting for the phishing campaigns on the Electrum network,,The Coinbase Blog,2019-02-13
155,https://blog.coinbase.com/announcing-litecoin-ltc-support-on-coinbase-wallet-87f69f9bf7c0,Announcing Litecoin (LTC) Support on Coinbase Wallet,,The Coinbase Blog,2019-02-13
156,https://blog.coinbase.com/announcing-bitcoin-btc-support-on-coinbase-wallet-e57aeadc7380,Announcing Bitcoin (BTC) Support on Coinbase Wallet,,The Coinbase Blog,2019-02-13
157,https://blog.coinbase.com/welcoming-neutrino-to-coinbase-b3f56171850d,"<strong class=""markup--strong markup--h3-strong"">Welcoming Neutrino to Coinbase</strong>",,The Coinbase Blog,2019-02-13
158,https://blog.coinbase.com/earn-zcash-while-learning-about-blockchain-privacy-1fc9ecbf533,"<strong class=""markup--strong markup--h3-strong"">Earn Zcash while learning about blockchain privacy</strong>",,The Coinbase Blog,2019-02-13
159,https://blog.coinbase.com/xrp-will-soon-be-available-to-trade-on-coinbase-pro-b14478db7b33,XRP will soon be available to trade on Coinbase Pro,Support for XRP will initially be available for…,The Coinbase Blog,2019-02-14
160,https://blog.coinbase.com/backup-your-private-keys-on-google-drive-and-icloud-with-coinbase-wallet-3c3f3fdc86dc,Backup your private keys on Google Drive and iCloud with Coinbase Wallet,"Starting today, you can now…",The Coinbase Blog,2019-02-14
161,https://blog.coinbase.com/earn-bat-while-trying-out-the-blockchain-friendly-brave-browser-ee8409d192bd,"<strong class=""markup--strong markup--h3-strong"">Earn BAT while trying out the blockchain-friendly Brave browser</strong>",,The Coinbase Blog,2019-02-14
162,https://blog.coinbase.com/xrp-is-now-available-on-coinbase-d884e33fa8b7,XRP is now available on Coinbase,,The Coinbase Blog,2019-02-14
163,https://blog.coinbase.com/logs-metrics-and-the-evolution-of-observability-at-coinbase-13196b15edb7,"Logs, metrics, and the evolution of observability at Coinbase",,The Coinbase Blog,2019-02-14
164,https://blog.coinbase.com/electrohunt-part-1-hunting-for-the-phishing-campaigns-on-the-electrum-network-b10529162e63,Electrohunt Part 1: Hunting for the phishing campaigns on the Electrum network,,The Coinbase Blog,2019-02-14
165,https://blog.coinbase.com/announcing-litecoin-ltc-support-on-coinbase-wallet-87f69f9bf7c0,Announcing Litecoin (LTC) Support on Coinbase Wallet,,The Coinbase Blog,2019-02-14
166,https://blog.coinbase.com/announcing-bitcoin-btc-support-on-coinbase-wallet-e57aeadc7380,Announcing Bitcoin (BTC) Support on Coinbase Wallet,,The Coinbase Blog,2019-02-14
167,https://blog.coinbase.com/welcoming-neutrino-to-coinbase-b3f56171850d,"<strong class=""markup--strong markup--h3-strong"">Welcoming Neutrino to Coinbase</strong>",,The Coinbase Blog,2019-02-14
168,https://blog.coinbase.com/earn-zcash-while-learning-about-blockchain-privacy-1fc9ecbf533,"<strong class=""markup--strong markup--h3-strong"">Earn Zcash while learning about blockchain privacy</strong>",,The Coinbase Blog,2019-02-14
169,https://blog.coinbase.com/earn-zcash-while-learning-about-blockchain-privacy-1fc9ecbf533,"<strong class=""markup--strong markup--h3-strong"">Earn Zcash while learning about blockchain privacy</strong>",,The Coinbase Blog,2019-02-15
170,https://blog.coinbase.com/xrp-will-soon-be-available-to-trade-on-coinbase-pro-b14478db7b33,XRP will soon be available to trade on Coinbase Pro,Support for XRP will initially be available for…,The Coinbase Blog,2019-02-16
171,https://blog.coinbase.com/backup-your-private-keys-on-google-drive-and-icloud-with-coinbase-wallet-3c3f3fdc86dc,Backup your private keys on Google Drive and iCloud with Coinbase Wallet,"Starting today, you can now…",The Coinbase Blog,2019-02-16
172,https://blog.coinbase.com/earn-bat-while-trying-out-the-blockchain-friendly-brave-browser-ee8409d192bd,"<strong class=""markup--strong markup--h3-strong"">Earn BAT while trying out the blockchain-friendly Brave browser</strong>",,The Coinbase Blog,2019-02-16
173,https://blog.coinbase.com/xrp-is-now-available-on-coinbase-d884e33fa8b7,XRP is now available on Coinbase,,The Coinbase Blog,2019-02-16
174,https://blog.coinbase.com/logs-metrics-and-the-evolution-of-observability-at-coinbase-13196b15edb7,"Logs, metrics, and the evolution of observability at Coinbase",,The Coinbase Blog,2019-02-16
175,https://blog.coinbase.com/electrohunt-part-1-hunting-for-the-phishing-campaigns-on-the-electrum-network-b10529162e63,Electrohunt Part 1: Hunting for the phishing campaigns on the Electrum network,,The Coinbase Blog,2019-02-16
176,https://blog.coinbase.com/announcing-litecoin-ltc-support-on-coinbase-wallet-87f69f9bf7c0,Announcing Litecoin (LTC) Support on Coinbase Wallet,,The Coinbase Blog,2019-02-16
177,https://blog.coinbase.com/announcing-bitcoin-btc-support-on-coinbase-wallet-e57aeadc7380,Announcing Bitcoin (BTC) Support on Coinbase Wallet,,The Coinbase Blog,2019-02-16
178,https://blog.coinbase.com/welcoming-neutrino-to-coinbase-b3f56171850d,"<strong class=""markup--strong markup--h3-strong"">Welcoming Neutrino to Coinbase</strong>",,The Coinbase Blog,2019-02-16
179,https://blog.coinbase.com/earn-zcash-while-learning-about-blockchain-privacy-1fc9ecbf533,"<strong class=""markup--strong markup--h3-strong"">Earn Zcash while learning about blockchain privacy</strong>",,The Coinbase Blog,2019-02-16
180,https://blog.coinbase.com/electrohunt-part-1-hunting-for-the-phishing-campaigns-on-the-electrum-network-b10529162e63,Electrohunt Part 1: Hunting for the phishing campaigns on the Electrum network,,The Coinbase Blog,2019-02-17
181,https://blog.coinbase.com/xrp-will-soon-be-available-to-trade-on-coinbase-pro-b14478db7b33,XRP will soon be available to trade on Coinbase Pro,Support for XRP will initially be available for…,The Coinbase Blog,2019-02-18
182,https://blog.coinbase.com/backup-your-private-keys-on-google-drive-and-icloud-with-coinbase-wallet-3c3f3fdc86dc,Backup your private keys on Google Drive and iCloud with Coinbase Wallet,"Starting today, you can now…",The Coinbase Blog,2019-02-18
183,https://blog.coinbase.com/earn-bat-while-trying-out-the-blockchain-friendly-brave-browser-ee8409d192bd,"<strong class=""markup--strong markup--h3-strong"">Earn BAT while trying out the blockchain-friendly Brave browser</strong>",,The Coinbase Blog,2019-02-18
184,https://blog.coinbase.com/xrp-is-now-available-on-coinbase-d884e33fa8b7,XRP is now available on Coinbase,,The Coinbase Blog,2019-02-18
185,https://blog.coinbase.com/logs-metrics-and-the-evolution-of-observability-at-coinbase-13196b15edb7,"Logs, metrics, and the evolution of observability at Coinbase",,The Coinbase Blog,2019-02-18
186,https://blog.coinbase.com/electrohunt-part-1-hunting-for-the-phishing-campaigns-on-the-electrum-network-b10529162e63,Electrohunt Part 1: Hunting for the phishing campaigns on the Electrum network,,The Coinbase Blog,2019-02-18
187,https://blog.coinbase.com/announcing-litecoin-ltc-support-on-coinbase-wallet-87f69f9bf7c0,Announcing Litecoin (LTC) Support on Coinbase Wallet,,The Coinbase Blog,2019-02-18
188,https://blog.coinbase.com/announcing-bitcoin-btc-support-on-coinbase-wallet-e57aeadc7380,Announcing Bitcoin (BTC) Support on Coinbase Wallet,,The Coinbase Blog,2019-02-18
189,https://blog.coinbase.com/welcoming-neutrino-to-coinbase-b3f56171850d,"<strong class=""markup--strong markup--h3-strong"">Welcoming Neutrino to Coinbase</strong>",,The Coinbase Blog,2019-02-18
190,https://blog.coinbase.com/earn-zcash-while-learning-about-blockchain-privacy-1fc9ecbf533,"<strong class=""markup--strong markup--h3-strong"">Earn Zcash while learning about blockchain privacy</strong>",,The Coinbase Blog,2019-02-18
191,https://blog.coinbase.com/welcoming-neutrino-to-coinbase-b3f56171850d,"<strong class=""markup--strong markup--h3-strong"">Welcoming Neutrino to Coinbase</strong>",,The Coinbase Blog,2019-02-19
